VM Identification (UUID),AMU,AVMU,ADU,CLS,TC,RL,GL,Class
4D 91 9E 36 7F 10 98 4B-A0 52 8B AE B6 A6 A5 81,23.11682553,71.39107937,98.96592855,94.00549764,90.01970471,93.69737633,5.41298829,Partially Malicious
5B AD 9C AA 23 A5 9F 2C-C3 98 04 19 5E 8E 71 35,41.60007542,1.695364956,67.77406945,78.92644683,53.18080272,68.99842791,42.00480871,Malicious
05 9D 9B 09 01 88 8E 0B-31 B6 6B 9A 70 A7 AB 40,91.27864334,96.63522342,60.22504241,51.10000781,75.99658453,93.33779656,17.44987287,Partially Malicious
5F 23 07 2A 85 78 6B C5-94 A6 1F 18 86 94 3A B0,33.71343496,5.811682531,10.67658338,39.80557816,44.4325053,41.60909932,0.136748213,Not Malicious
02 AF 10 06 58 0B B9 A9-BF C6 02 7D 86 65 02 35,72.44351642,92.71488373,84.5001352,39.15704305,13.07163494,57.58753496,99.33269228,Not Malicious
C5 64 97 52 48 93 31 65-B4 2B 54 A2 3C A2 58 6C,41.00824177,13.4277073,34.65862973,81.07750873,7.839544431,52.40282676,54.36501348,Not Malicious
2C B1 2D 6A A1 A5 7E 20-7B 75 87 50 96 24 21 90,83.50644388,51.98134293,94.95155976,16.61989258,46.96537984,19.67597636,70.22345526,Not Malicious
45 8A 44 2C BE 32 C5 8F-C1 9B 1E 56 4B 4D 6C 58,24.78309864,23.14741838,46.71764017,47.31526455,82.91472822,2.592215412,58.96494833,Not Malicious
7C 51 8E 0C 35 AA AC 47-3C 14 30 5C 38 7D AC 7E,23.94947848,14.58255117,61.91278196,11.18306854,96.45065526,73.63856487,53.55087006,Not Malicious
02 64 15 8E 4E 38 77 AB-B6 5F 92 09 17 1C 27 C2,83.85990089,7.357820788,76.26940198,83.234451,5.522946056,75.72213415,44.1857073,Partially Malicious
15 57 0D BD 25 07 AC 08-7B AC 95 58 1C A8 8A 95,37.77148488,86.81494196,92.46237854,95.82475217,28.29043846,37.30776083,45.17544025,Partially Malicious
61 90 1E 79 74 99 6B 5F-A9 15 1D C4 04 24 79 C7,49.6850194,43.93187721,53.41555839,99.58547188,9.487075173,43.86670535,15.36678638,Partially Malicious
17 82 BE 39 7D 20 4B 4E-41 5D 1D 94 20 B9 7D 09,17.11066541,97.63840681,98.57913414,71.23968514,18.29929447,54.97375312,35.23324096,Malicious
71 BD 02 B8 38 49 BC 0C-7B 84 55 84 8D 5B 43 3B,79.54456562,83.69086391,11.36756155,11.92418944,69.28709154,35.31134243,50.2310231,Partially Malicious
1D 37 26 8F 73 5B 41 7E-C6 93 4B 81 18 9B 1E 93,45.02020592,15.20727233,50.63432593,85.90047553,52.60956132,82.89873432,70.64093959,Not Malicious
BB 77 5D A3 64 16 5B C2-A7 80 71 73 A3 25 85 89,4.463676752,94.58847417,62.49144001,85.32339848,92.14667962,98.0406799,7.513413721,Partially Malicious
71 3B 6F B7 13 C3 45 3C-36 70 C6 21 2D 07 88 18,8.715190439,83.32673744,19.0118399,99.84520886,23.9939811,29.64794223,78.0130224,Not Malicious
46 77 81 72 B4 94 41 C5-B7 31 29 A1 20 31 7D 2B,25.85046856,97.49936662,3.205196221,55.90407825,28.90830919,77.84718539,7.607096743,Not Malicious
1C A8 B9 16 0C 58 8D B5-7D 1E 91 58 3F 83 22 87,93.91862972,13.44446697,3.020061668,79.61023295,39.01417378,9.756588279,55.53814805,Not Malicious
0F 28 8D AE 3B 6F A3 BD-8B 82 C0 60 5C 91 0E 41,75.27713857,72.66052424,96.23811116,25.49121855,61.7976047,70.87300365,13.38304152,Not Malicious
1E 4E 59 4B 8E C5 BE 44-A8 1F 07 1D AC A7 BC 52,28.2196395,59.78562962,58.34928118,52.83116019,54.05800131,69.44539076,75.44917235,Partially Malicious
50 5D 53 89 6E 04 A1 42-6C 36 53 B4 AC 5E 75 84,27.09076413,39.62352911,60.2278041,43.11138624,75.45779898,72.61799109,87.31787134,Not Malicious
B2 97 BF BE 78 46 89 33-2E A4 33 1C 5C 40 3E AA,60.03635183,90.90284596,72.72421434,80.68411669,97.4232919,77.85692034,34.14943953,Malicious
AB 04 58 C0 4B A3 61 52-C0 95 57 10 C5 BE 10 8F,8.314131845,48.6500423,22.85154808,65.15017679,36.17133398,51.65577887,79.97680697,Partially Malicious
2B 7C 08 6D A7 68 99 0C-10 14 73 57 07 0E 7A C7,41.87746564,58.85108206,43.32706028,93.65315783,45.09760781,45.9790362,69.96489826,Not Malicious
66 29 B2 BA 30 5A 21 80-A2 10 10 BB 7B A8 0B 31,5.520192328,21.11328888,61.29408731,51.26081579,74.38304678,41.55278634,57.57973403,Not Malicious
2B 41 8A 47 24 96 86 BA-84 A1 B0 1D A3 C0 76 B4,60.41007702,57.65234968,29.72689197,81.41384196,62.82983407,40.81990874,96.25363518,Malicious
4F 6C 91 4C A7 9F B1 56-6F 34 C0 08 32 78 39 69,25.13677877,67.1201457,41.88241144,23.30335781,7.60198783,87.19424035,6.808290827,Not Malicious
B5 AF 68 AC 80 93 B7 07-44 36 1A A7 3C 37 94 C2,10.77661437,98.72674095,13.75930757,74.09935254,62.20020499,18.53858557,40.33470887,Not Malicious
19 47 0B 5E 5D 3E 3E 9F-41 36 0F C0 30 2F 1A 5F,30.00403527,37.09736703,85.46844909,50.31600107,66.9638121,6.26508688,20.48908855,Partially Malicious
8C 16 B2 68 4A 35 69 99-29 56 BD A7 0E 68 85 72,35.50618131,22.93282938,15.6469654,48.69260276,56.42557259,9.442240186,61.96647593,Not Malicious
C6 83 9B 72 97 71 24 00-06 85 06 A1 72 60 B3 92,55.07770388,81.75501547,31.46894746,21.11358836,18.26463616,55.86714438,96.28253202,Partially Malicious
4D 17 89 04 90 4C 0B 95-9F 76 3F 20 40 79 3A 09,37.32772205,28.05673113,0.542972652,69.79911001,23.57830289,91.76586983,89.21724335,Not Malicious
52 26 32 56 13 7E 61 33-05 6D 7E 68 77 B3 5C C5,97.7152048,27.53482122,79.48788621,4.230856116,38.32838071,73.26510007,37.27838371,Malicious
42 52 B3 96 64 75 2C B9-87 B0 2C 02 02 A3 61 AD,74.40689795,35.79616844,35.81413687,26.06967469,40.33693378,44.49566386,46.22385519,Not Malicious
90 46 7F A1 01 57 1B 7E-1C 7C 42 2B 2F 2C 10 4E,4.651205214,7.182821872,24.93956973,83.13198218,53.59109634,75.90554809,77.49727006,Not Malicious
72 79 A3 8A 9A 96 B4 31-98 4F 65 67 36 49 61 91,58.22284149,8.175202005,85.81137208,39.81155817,2.987614462,40.73422245,94.76100567,Not Malicious
4A 38 7B 1B 48 66 79 93-27 38 2A A3 53 23 35 13,25.36891977,3.29008434,96.14587504,27.12207343,70.09754346,29.039464,69.34931917,Partially Malicious
22 3A C5 93 B5 72 3E 6A-7B 22 3E 74 78 25 05 9F,93.91828615,33.12002741,17.44780801,64.5388027,90.65165735,4.363318251,0.902656151,Not Malicious
C1 35 3F 30 72 05 62 44-89 40 02 04 38 48 34 8F,42.61852101,91.86314873,54.63057405,47.55556869,14.17710568,7.566162915,0.697901483,Malicious
10 BB 64 B6 34 5B 5B 4A-B8 74 17 22 6A A4 2C 47,25.63736131,88.80056779,18.40918175,7.912950571,11.68501213,23.65200916,99.78869997,Not Malicious
46 3A B2 B0 8A 89 53 51-69 0F 28 8D 12 92 80 09,29.14572285,35.26685566,12.60557526,41.69768345,48.86845973,33.07620264,29.81651034,Malicious
5C 01 B9 A4 AF A8 0C AA-6B 72 3E 9D B4 01 7F 5B,9.224503914,72.82304409,64.28557557,45.01996877,44.67898692,27.71879294,43.71881918,Malicious
47 AF 9E 4D 27 23 94 AC-57 82 88 71 18 74 BE 50,89.00972098,40.77574814,95.54584983,47.16281258,77.36003044,4.171763117,58.44373269,Not Malicious
43 B1 4F 14 B0 A2 92 83-13 97 36 28 C1 A1 9D 29,80.49652109,90.23908242,37.12392578,88.96588585,9.812408735,43.46804864,17.15651866,Partially Malicious
AC 71 52 7B 70 AA 58 57-59 BA AD 51 42 86 B1 56,57.36742132,27.80386,47.9930653,37.74055526,57.70069253,55.29584147,30.46534318,Not Malicious
57 52 32 12 78 B0 8C BA-23 AE 97 0E AE 46 5D 20,76.03463769,49.51802752,66.03181513,59.41231765,43.09055137,31.87398563,73.52976155,Partially Malicious
80 28 B0 35 3D 56 C3 66-15 AB 10 35 26 A0 2A 65,64.20738352,25.67226899,35.96357065,53.18312614,87.69833997,36.09562749,66.79641269,Not Malicious
16 1B 03 07 95 39 34 03-8E 5E 49 B7 C3 5C 19 C6,62.62450844,31.32587919,46.52059785,35.739699,16.87457993,90.53165562,12.98130751,Malicious
6E 55 39 53 1D 95 30 46-51 11 B2 0E 2F 6C AE 74,74.22360132,6.396976532,91.7713306,87.95327775,97.31312405,73.60436184,95.88728006,Partially Malicious
07 C2 B0 4C 9B 80 38 92-AD A1 66 9F 1D BE 77 8E,95.64396849,92.04252559,72.99081796,94.72958354,70.02944557,96.72810058,44.03427462,Partially Malicious
37 01 34 2D B8 80 99 0D-0E C5 05 BD 26 80 4A 40,77.85330626,67.84226176,81.83877668,40.6955123,2.076530069,6.199480181,80.85946259,Malicious
8C B3 58 3B 80 10 5F B8-99 56 7F BB 63 97 4D 97,92.76673802,78.63985745,37.90378245,87.036461,6.513911287,95.40267042,22.1437235,Not Malicious
25 2D 20 41 9B 68 12 1F-93 B3 71 8B BB BC AD C5,55.69294454,34.16957282,59.23002509,98.80713107,96.74909867,47.27178983,77.5016017,Malicious
63 44 95 3B 3E 16 0F 05-9D 6D 54 29 12 97 64 C2,46.84363643,59.53280391,85.66494933,4.234653938,89.41004418,82.02363282,10.23661377,Not Malicious
1A B9 81 52 A2 7E 03 6A-7A 8F 96 73 18 42 88 A8,68.6096117,71.12764417,17.67482009,11.30175632,95.2144647,94.07785338,62.82939139,Partially Malicious
5F 1A C1 8D A6 AD 50 02-90 5F 0A 02 56 75 8A 57,19.1414064,32.28351063,70.97346627,19.74933413,90.30210822,64.71581834,70.05290265,Not Malicious
7B B3 65 7F AC 2E 7D A6-35 4A 09 8B 1A 1D BE 59,66.44046962,87.69514157,82.21540721,78.95130868,5.246992084,86.79946219,90.35901429,Not Malicious
77 1E 43 88 07 87 1E 9F-32 53 93 2D 14 BF 8E 52,30.595566,0.714280287,11.50124142,86.15178656,70.57736584,66.1173211,87.11538588,Not Malicious
A5 3E 90 6A 9D BE 05 79-20 7C 18 8D 39 2A 5D 9C,18.53161724,91.767951,42.83799235,87.63011885,26.15779829,86.45631652,57.56838587,Partially Malicious
1E B4 A1 91 72 09 04 0B-17 94 19 84 3B A1 28 09,49.58660226,85.08410591,2.208364228,51.5184611,57.61626939,0.831065062,19.92561846,Not Malicious
C6 1E 22 BB 7C 11 75 53-07 27 B0 2D B6 B5 00 C2,5.150071008,64.21411566,30.60155611,44.87390536,7.552902232,28.70654813,62.81183989,Not Malicious
44 88 B0 4A 5A 10 86 98-AB 46 4B 3A 29 5A 9C 6E,21.34459457,2.723450448,33.05561505,35.21659145,75.93617483,36.66966857,66.14957177,Not Malicious
A1 57 92 C7 11 54 15 16-AF 2F 71 B3 AA 1C 0F C2,80.24511534,39.69065484,80.36369921,2.597067883,1.850606182,98.24652038,84.52448245,Not Malicious
1C 85 B3 72 45 09 34 B6-25 C6 01 C2 64 05 B9 82,16.18135406,58.02117655,97.97583141,19.98067154,43.60883084,10.33028717,75.50840991,Partially Malicious
76 5D 3E 16 29 5C 86 B7-25 BD 01 7F 54 66 AF 61,24.0367286,80.65123506,63.81383034,5.489092334,10.4059034,17.53732234,18.50796829,Partially Malicious
A6 9A 02 AE 23 08 52 50-20 34 55 72 6B 51 B6 51,74.77288545,47.8937775,19.45042327,71.82368512,70.08113886,81.65148331,41.79368538,Malicious
BA A0 98 53 0E 6E 29 8C-C4 18 05 6F 72 70 61 85,96.15474969,57.45496845,80.62449123,24.16017614,13.98919124,40.49669493,5.135991207,Malicious
C7 8D 39 1B 01 79 AA 0E-13 AF 0C BA 51 B3 5B 75,24.43092264,16.84539599,80.17524076,28.36735135,74.14435327,14.55966265,83.26840121,Not Malicious
83 0D 5E A2 59 BA A0 B7-98 68 69 B3 A1 20 79 23,6.963502723,23.75061395,60.70803134,38.68298882,3.171510022,72.81819794,57.99976149,Partially Malicious
46 78 37 31 94 1E 38 65-27 02 46 57 65 12 49 B1,11.70891011,11.63076363,87.04948141,32.36033659,29.87870094,17.52933722,90.82393798,Partially Malicious
B7 12 48 85 18 69 79 98-43 A7 22 4B AA 5E 68 43,43.65435366,27.56089249,16.36248728,12.3379838,60.06104142,85.32231772,11.94540379,Partially Malicious
52 95 8D 37 06 6B 60 C1-62 2C 9B C0 63 46 4D 14,39.22725614,61.58820573,34.54210998,76.04378251,44.02116462,11.21948293,78.60125886,Not Malicious
AB A9 6D 5F 3A 6E C2 38-5C 91 33 B5 BD C1 92 11,41.38657814,28.70281499,94.97298869,41.98557513,6.925261452,57.22116829,2.809471696,Not Malicious
44 5D 50 0A 00 66 BE 6C-45 30 52 40 B3 2B A6 01,51.2905405,23.32995159,35.26800403,92.46669337,38.69566726,92.89461326,55.57239664,Partially Malicious
18 55 AC 1C 79 9A 03 B5-0E 40 14 1C 28 4B 1C BF,33.06497635,61.5326752,38.11491795,19.50124422,40.45143503,92.1258906,61.78110727,Partially Malicious
B1 65 35 29 B9 52 AE 97-2A 8C 8F 7D 65 77 39 3D,76.89760542,70.79330329,42.21213197,34.64452983,53.16306795,94.17771993,59.83056739,Partially Malicious
28 4E BC 05 4A 2E 1B 9F-41 2D 6F B0 82 36 16 02,53.70251914,13.46064102,64.67067746,32.90653648,20.76599082,83.6888548,77.30774858,Partially Malicious
80 0E 5A C5 70 7B 20 5C-75 51 6E 35 3E 86 C4 25,56.71998107,39.22541631,41.8239024,53.47989633,93.33372664,96.24124504,7.344968546,Not Malicious
4B B0 29 4B 0D 74 81 30-B5 30 77 9B 1E 30 3B BB,29.959651,30.28978806,48.36305181,52.7797353,95.30461483,80.05237552,44.01054168,Not Malicious
41 B2 12 0E 10 6B BA 94-B7 1D 40 A1 AD BA 3B 5A,63.78956187,74.91899171,58.90246845,71.92684609,57.70110353,50.95043029,65.20315527,Not Malicious
BC 79 74 BB 34 7D 5E 19-0A C1 C1 95 35 C4 54 2A,36.89490224,28.79805217,76.52084621,0.496861386,78.30280174,51.53308188,37.39767945,Malicious
3A 8E 40 75 38 95 0D 01-5B 36 9D C7 4A AC 84 77,43.02564497,42.75925692,84.39299865,4.520167883,21.09645027,25.92781172,50.48020551,Not Malicious
4D 0C 25 52 57 23 14 85-0E 64 84 17 18 4B 7C 88,75.68723207,22.72526011,81.23956105,73.19087611,60.64679902,65.40680068,48.49022411,Partially Malicious
10 A7 43 0C 72 7F 71 12-C0 7B 1D 8C 94 3F 07 03,1.191642835,93.88712389,31.4127635,17.45244247,93.08857108,29.40377849,91.26891732,Partially Malicious
15 96 1C 0F 52 6A 68 AC-31 5C 3C A7 10 06 1A BD,36.41381966,7.198245439,73.11162326,82.00525108,55.90850145,87.60369963,34.3833927,Malicious
07 7F 69 8B BC 8E 8A 25-2E 2F C0 BA 51 16 18 1E,38.03585683,7.886685924,8.782815293,55.51630205,31.45231648,41.70545718,84.01914487,Partially Malicious
54 72 21 6A 40 84 16 AB-A1 58 0C 1B 5C 3B 8A 23,8.705840462,25.08589055,15.02888515,97.96835765,35.88201602,50.48356488,43.69707798,Not Malicious
B4 1A A9 1D 9C 64 2B 12-1A 9E 2B 57 AD 3C A9 0F,31.83360627,33.13103359,39.97630394,23.71337236,18.36596834,95.85478667,87.31327672,Partially Malicious
25 1F 45 AE 29 38 00 9C-B3 2B C5 9B 1A 1F 44 5C,97.16296438,58.07886643,82.69174201,22.54816675,26.1306443,49.6429587,14.18003402,Not Malicious
30 09 C2 60 57 A1 22 A0-73 11 0D 45 2B 22 43 37,74.26122845,78.4891795,68.94554783,39.93835374,60.29538883,7.986673679,87.31790637,Malicious
87 35 0C BC 65 5F 18 6A-B9 9E 75 7D A4 7C B7 3F,43.0570317,45.38639239,68.66584011,32.75313433,96.78377746,30.93048775,76.9506458,Partially Malicious
13 73 8A 60 8A C3 43 AE-76 A7 2A 3D AB 9C 69 27,89.5889527,69.45683266,16.50226022,42.43347338,75.46307054,87.56921997,99.02294031,Not Malicious
83 36 60 0F 8D B4 A2 5F-63 2C 42 A3 7F 15 B0 B3,96.23782223,84.53292966,57.77958427,90.02311622,79.75049435,86.10022508,80.67672914,Partially Malicious
B9 76 A2 5E 0E 76 AD A4-5D 26 AF 90 B5 54 58 75,35.9849158,89.27539018,13.21882487,55.43875386,5.418225958,17.87818253,69.8036261,Not Malicious
5E 59 11 30 BB 33 BC 49-BC 74 87 04 11 33 AD 0A,40.78252159,98.13457851,28.39476463,15.42164219,7.826040061,67.69870211,45.32121899,Partially Malicious
A4 98 22 B2 3D 04 5E 2D-3F 3B 3E 8F 77 14 BF 5C,13.56132893,95.35468048,60.44316298,61.42948252,5.371139118,33.26475248,63.34727892,Partially Malicious
5A 4F 2C 33 94 4E 23 7E-42 4F 12 20 1B 7C 20 8D,87.8642668,39.00616821,32.48402102,64.14845131,83.80308527,82.21299369,75.87819201,Partially Malicious
BB 6E 4A 86 9B 70 42 AE-58 9E 10 A6 76 32 47 B5,22.3554295,5.950239904,58.27471312,67.17173016,69.36433851,50.59221236,7.221427169,Partially Malicious
BE 8E 79 41 41 74 81 8E-29 9A 53 5E 64 11 92 17,16.97862523,31.49022247,73.11402897,97.49976639,69.10768236,38.86931446,3.460668145,Partially Malicious
8F C0 67 26 AC 99 81 5B-84 C5 B9 1E 4E C5 20 B4,12.88478611,15.98896228,52.19520499,47.2607256,65.44365017,60.08268227,11.75494557,Partially Malicious
7A 5B B0 2D AD 9E 07 0B-58 C5 31 A1 21 71 46 86,74.83605855,30.18031573,95.46275607,49.76926235,79.06151269,34.15350946,15.95493195,Malicious
1B 28 40 06 3E 47 2E 87-1F 07 40 5C 46 92 A5 5A,31.26845666,44.46089287,7.298495337,95.56116346,6.77209784,30.30320704,31.50616004,Not Malicious
65 1D 64 B1 3A 19 C4 53-C4 08 19 50 1C 0E 78 AC,34.48594942,22.72129215,81.15071788,20.70984217,59.92145743,91.53884894,66.62603123,Partially Malicious
45 C5 C1 72 82 83 6D 9D-1C 0E 3A 2C 1F B8 A3 06,18.73454613,20.92613044,20.46542838,94.21253334,51.35160196,51.63203047,69.58548484,Partially Malicious
98 75 83 A2 76 A8 A6 19-AD 52 65 C0 21 21 A2 7B,86.84770442,18.77829428,99.2944171,43.93286566,32.28815291,25.91308742,39.22756357,Malicious
5A AB 3C 08 C6 1F 21 1F-3F 1F C6 1A 0D 36 0F 16,65.65484895,79.09772673,67.94271797,39.88597792,34.86321261,4.101112029,68.73398732,Partially Malicious
C3 89 41 79 94 89 BD 30-B1 6C 1F 27 84 35 52 37,73.83954656,22.73334603,97.2035074,83.95444626,75.75097137,20.78377049,63.48188072,Partially Malicious
1C 27 57 04 B5 2E 46 1F-49 78 3A 79 B4 22 21 10,23.10638072,26.65099423,76.18719426,72.07658439,28.03027704,66.22429323,16.24868856,Malicious
43 50 69 10 0E 7A B4 B8-64 5F 72 75 BC 32 0A C7,19.96356673,69.91682265,1.584480683,20.80975529,52.81217235,36.01352323,23.70010595,Malicious
A5 75 6D 97 5E 2F A7 C4-7B 1E 93 64 89 2F 84 5E,83.78848076,19.01773106,81.63014252,79.88500881,31.93325101,65.01121567,91.82637399,Malicious
53 C2 45 44 97 1A 5C 7B-C4 6D 7A 0D 61 76 A4 40,20.37795184,30.88418016,50.49641005,68.83890388,74.74571289,87.1990014,17.04432064,Partially Malicious
B5 09 31 8E 3C 86 32 83-19 6D B6 34 10 54 7E 88,10.58969973,89.35846741,57.1417302,39.69094186,62.93791278,31.61246138,9.025272291,Not Malicious
9C 6B 96 BE 2F BB 86 18-7B 1D 9C 29 2E C6 96 1B,61.71389353,51.45211848,10.74347553,47.85412393,33.07615598,47.55481086,3.979977019,Partially Malicious
76 88 52 64 3F 32 5B AE-8A 89 03 71 32 A9 B9 53,71.71664874,15.96993966,95.32317455,74.66730156,33.09652788,1.619927473,79.27745681,Malicious
39 82 87 6B 0B 2A BE B9-69 07 11 65 24 56 BE 44,32.02667084,0.96314016,50.01198821,0.677163071,36.61711456,97.53299988,26.21473717,Malicious
AE 27 07 67 79 6D 03 BA-B5 3C 4C C2 12 96 54 20,70.75277297,66.72453689,72.68942597,6.276769651,60.25242323,40.18404676,68.20764061,Malicious
0B 72 3C 12 75 AE 16 7F-B2 A2 16 C6 54 1D 19 5D,85.06209245,23.01620342,4.912102058,63.91319553,81.1755249,10.77763169,34.50957892,Partially Malicious
B4 88 10 B3 2F 64 AA 10-9D 29 69 BC 9B 90 BA 79,55.26832105,24.04950187,9.687778963,67.81245528,54.23688982,46.65645063,8.337643495,Malicious
C0 94 90 50 30 8A 5C B7-3F 56 99 0A 20 0F AE 5E,68.91685728,87.43043215,58.0739556,45.91175955,94.70978354,51.5073247,42.55371513,Not Malicious
92 50 1B 66 15 A0 6E 0A-65 A6 41 12 59 47 9A 1A,49.89932782,72.77169672,65.64524275,44.98331103,20.59539032,67.3147721,39.15412444,Partially Malicious
9C 36 02 8E C3 A7 70 5A-07 34 21 2F 0D 6E 3A 79,46.49181783,56.14936144,1.373720536,35.80016281,35.62366616,95.22204591,77.06105178,Partially Malicious
B6 B0 30 90 69 1F 22 5D-C5 5E 82 6B 4E 67 0B 3D,67.18477727,73.93743092,24.81683079,22.27974787,82.19394145,57.78592062,42.58969663,Partially Malicious
5E 28 BE 0F 0B 1D C4 43-8E 4E 95 72 6D C3 83 2B,64.63245022,45.33117526,50.55319747,33.22019705,26.70228083,31.93692236,84.191319,Malicious
1D 88 C6 9F 20 78 8A 53-A5 39 4F 3B 43 2C B4 A9,20.20939317,93.0614708,51.98102308,11.25932054,58.95826461,55.78322889,30.2552259,Partially Malicious
29 3A 3D 97 1C 23 77 02-BA 7D 1D 84 A5 AB 79 3C,65.83060001,51.489711,51.32330354,56.56898019,77.91456687,80.57060947,96.32813358,Partially Malicious
74 0E C0 19 75 31 8C 72-B9 40 96 55 BB 8D 5B BF,45.94463835,44.83327588,64.12672234,23.80216535,47.64801198,77.30463377,6.511538191,Partially Malicious
54 8A 7C 76 7B B0 5F 77-7C 77 53 81 1A 43 8E 82,2.083738482,20.11685822,31.53807488,52.73340861,47.41781163,87.10916683,83.84682264,Not Malicious
0D A7 BA 81 0A 31 B9 75-C6 30 C6 4D 4E B4 A5 C7,1.949668133,91.91823386,26.72664987,34.22877416,41.4408119,37.86420717,95.83091029,Partially Malicious
BE 0C 15 50 7B 95 5F 06-1F 3A B6 29 3A 15 A3 AE,89.09547437,69.1556264,78.71614962,19.80844085,20.65470907,29.78077527,75.27100154,Partially Malicious
C7 02 4C 1E 56 1E 0D 3D-26 18 82 05 6C C5 7A 5B,2.561711119,41.81909742,90.41070972,34.04349101,27.92479022,82.39826141,93.76406841,Malicious
43 81 0E 4C 63 5A 5F 3F-A6 A4 61 1A A8 6A 45 28,73.80767793,91.71081128,93.67521961,60.17623831,7.713714647,61.45887852,52.73949548,Partially Malicious
4A 74 63 7C 95 32 C7 C3-35 9D 73 6B 16 20 4F 53,87.23758314,6.680281813,90.98646649,75.82684406,68.81620418,45.32527228,44.94732857,Partially Malicious
43 C0 53 8D AA 8B 8C 70-B1 BC 02 A9 1A 27 76 88,50.40292663,83.57987819,74.14182645,17.2317908,83.51351846,33.01751431,82.57505616,Partially Malicious
88 56 1F 25 07 73 1E 7C-61 31 86 21 09 90 54 A7,99.29926961,27.239392,82.20860831,10.31607649,78.655951,33.08015115,95.32537843,Malicious
8A 1A 6A 52 83 50 54 06-A3 97 AF A6 01 61 4E 50,97.59085719,75.39411996,39.16427321,19.43768316,44.69719461,87.57573362,62.03545873,Malicious
57 B8 BD 96 29 26 8A 13-A8 C0 01 98 97 AC 24 65,52.40345507,5.520030643,26.11284082,79.76320876,87.92735325,19.95793564,32.24924543,Partially Malicious
96 03 0E BA 93 93 1F 7B-2B 1B 05 17 A3 8D 68 02,30.85437751,30.45009086,10.48871956,8.92525015,6.207232601,26.52382956,69.08074637,Malicious
B7 3E 36 88 BF 7C 33 74-06 93 91 BB B4 45 93 43,93.06328711,28.41349064,96.83921937,58.14870644,92.26220603,6.101779809,8.372261516,Not Malicious
10 AA C1 36 4F 40 98 9F-89 6A 28 BD 90 54 56 59,68.7044996,70.23486609,61.82537431,75.06557266,90.80105268,77.38089805,24.69538963,Partially Malicious
82 2F 92 92 B3 79 89 66-C7 65 13 B0 9E 1C 91 8B,62.71088153,1.502311338,49.57295439,60.37896171,57.60800531,51.34292692,87.36993257,Not Malicious
63 96 C0 1E 01 14 B0 9D-34 04 0D 64 47 98 79 40,72.66354949,2.634465969,9.709438895,31.75881089,56.65268981,83.90787967,71.63255854,Partially Malicious
8D 24 35 40 93 3B 14 AB-7E 31 A7 C6 C1 20 C7 51,48.33761833,32.50833294,67.75136215,63.70928266,81.89019539,20.05359901,99.84935673,Partially Malicious
17 8A 43 28 87 88 34 BC-29 28 9A 78 C5 A3 7D 29,16.4978395,16.9436719,18.08677154,58.09065403,16.18711894,23.95353016,11.78705338,Malicious
AF 5D 79 87 92 C6 B8 48-92 94 99 13 44 2E 6C 6F,60.89531942,62.57611906,14.46724944,88.43164373,56.89513139,71.15572324,46.21294863,Partially Malicious
23 AA 9C 13 9B B8 9F A0-61 C5 38 10 70 B1 41 2D,75.01980873,98.74504186,56.62752484,64.39444124,9.135553432,96.10756914,5.596281806,Partially Malicious
74 A9 26 4E 5D 39 1D 1B-75 C0 61 53 1A B2 BB 76,62.19764593,9.337448586,17.8699602,27.1114127,15.64026486,27.90697837,42.39501907,Partially Malicious
1C 13 88 70 6F 92 4E 0C-17 C3 BB BB 1F B6 4C 73,67.90043832,28.18138228,63.55741476,6.846045845,55.15817876,82.71679331,26.40607349,Not Malicious
9E 36 82 7E 96 A5 7C 43-4F 56 7F 7D 64 A4 93 5B,5.993549476,61.53161114,46.97431467,81.63239613,44.68953976,70.4893666,71.72517355,Malicious
54 93 5B 2B 2E 58 2A 7D-3F 3C 45 87 3E 39 55 AA,91.49151474,12.38048112,25.30743415,52.01433126,83.72909491,47.62716763,86.19344324,Partially Malicious
7F 66 A6 4B BA 3F A8 41-06 1C 5F 10 C2 30 A7 2D,7.328914491,47.71537649,81.95905563,70.23406554,94.43575704,10.86300677,6.582113072,Not Malicious
84 81 AE 31 9F 10 81 46-30 27 60 C1 82 3A 10 55,17.95900629,69.63730769,99.58907953,58.92033972,2.616932564,45.82975608,90.0719738,Partially Malicious
AA 31 B1 57 16 0D 62 7F-26 A4 BA 79 99 3C 32 44,19.29285796,38.75326673,87.88760947,93.85468391,46.154469,57.61244981,34.9505003,Partially Malicious
B5 1E 8C 33 60 47 15 B1-58 99 7F 2D 47 08 2F 8C,97.7326685,62.67877198,63.75671022,94.72350731,9.248791955,57.95013435,69.53374209,Partially Malicious
A3 09 34 08 C7 BD 2D 2B-A0 1C 30 06 49 73 06 13,25.2325747,64.95836324,68.5758548,57.52876463,39.937793,88.78883094,93.09147486,Not Malicious
6E 9B 76 47 87 2C B9 AF-18 45 0E BC C4 65 37 1F,28.02356489,76.01684442,19.35623847,61.42361452,74.88212146,85.98942846,36.89663365,Partially Malicious
09 45 9A 8D 3A BD 47 85-6A 32 01 7F 1D 4F 86 0F,62.25905168,58.7557496,69.73864066,69.56967935,9.207620724,63.20372606,87.81746589,Partially Malicious
97 02 A9 65 05 81 94 A3-76 5F 5C 16 5B C1 3B 4F,51.06556572,81.6138995,53.22689901,71.32127109,72.35584098,47.13330479,91.87200488,Partially Malicious
33 A2 4E 64 58 21 4D 69-63 72 8F 1C 3D 83 2A 0E,71.70247749,92.16666302,34.95980375,18.81879792,25.86945026,40.74040655,45.05785054,Malicious
A9 68 61 42 C3 30 06 BC-1B 19 54 BB 4D 2E A7 48,59.47806512,78.76253994,98.85813473,87.17934082,20.58703025,43.21361917,2.137458426,Partially Malicious
1F 9D C7 B7 49 5A 43 28-8B B1 76 24 3B 85 60 55,7.946982827,29.54661314,89.31368893,14.13944827,30.30932003,65.4426953,55.21973656,Malicious
1B 00 AE 95 09 52 1A 2D-8C 91 0D 45 63 17 C5 94,42.79366365,14.48757776,61.19783147,61.53942226,23.47505179,93.66944313,59.09324255,Partially Malicious
5D 28 3B 95 BF 08 1E A3-84 49 93 2B 29 A0 69 36,78.06588077,6.000220223,9.559294368,6.422595782,45.05731401,63.97897072,76.78192033,Partially Malicious
71 94 97 63 76 BF 9F 58-A3 6A C2 6D 05 4B 50 40,73.25746624,48.2448492,69.24620831,5.331662954,18.5663506,0.539696726,47.50284379,Malicious
66 67 16 90 50 56 B0 6E-9B 82 A6 12 8E 4B 11 AC,80.20776652,65.01195179,1.869874825,72.71542812,55.60266624,46.98200705,60.70652176,Partially Malicious
A3 93 5E 57 70 0C 3A 25-32 83 B4 02 30 85 54 79,46.26341733,90.08508882,93.21666914,42.19936781,53.29813072,67.63593208,20.51959361,Not Malicious
26 39 79 6F 9F B2 C3 C1-A0 4B 46 21 63 B8 02 3E,71.61959454,63.71347927,78.90546988,21.24686889,2.258997405,24.97819633,65.80946121,Partially Malicious
33 B5 74 40 13 4F 00 B3-5C 79 3C C0 BA 81 8A 92,32.7562578,27.11038819,97.90550237,78.38310274,51.84370027,62.89746152,69.94710151,Partially Malicious
10 A4 33 51 57 98 4A 8D-83 1F 66 95 89 30 3D 7F,38.49259956,72.54269953,23.29220461,46.34790046,71.70849421,14.23986965,24.84822268,Partially Malicious
4C A7 0F 52 4E 85 1F 2C-6C 96 50 5D 27 BD C7 BC,30.097267,80.15095854,34.96475703,7.676616653,13.05689712,98.31478753,52.86996161,Partially Malicious
AD 9C 23 09 B1 3A BD 7E-26 22 47 3C 31 72 94 68,76.9744287,31.13748973,50.51109033,63.94772209,45.83424759,79.35501867,45.44472777,Not Malicious
C7 13 92 98 C1 06 29 32-A4 8B 9F 19 65 3C A8 5A,21.54828469,17.00591865,80.01943675,38.38919281,51.53134662,84.67726048,22.89361548,Partially Malicious
AD 9B 44 47 53 B4 37 74-68 A5 7E 14 60 1E A6 B1,18.38676851,79.16627007,85.77242026,31.43879159,41.83734067,67.67429502,77.02430189,Partially Malicious
6F 87 5F 6B 78 0E 72 2D-1D A0 26 94 A3 06 7E 96,96.5527048,44.2803575,27.05612088,99.75795479,79.08054265,6.587220211,1.505332879,Partially Malicious
5A BB 22 24 6A 71 91 85-7A 3F BA 2E 75 53 6A A9,55.05592202,2.650810696,65.93563739,6.26148063,13.40358022,40.95229166,45.91598475,Partially Malicious
B5 49 5F 57 18 8B 0D C7-94 5E 74 4E 31 7D 74 A3,12.43041219,60.72804757,16.28363188,81.86488025,82.96390023,0.228162379,48.17186934,Not Malicious
36 27 94 4F 15 A0 A1 B6-6D 65 72 53 10 BD 52 85,56.45744936,50.94370621,88.17047143,43.22844802,78.05683495,44.61089014,72.77490434,Partially Malicious
4F 18 84 21 76 14 13 66-27 0E 4F 3C 65 20 75 1D,9.348464789,80.72935595,25.44978102,19.92636924,17.64454107,63.03536403,14.05551669,Not Malicious
8A 61 21 67 97 C3 69 11-6F 01 26 BC 94 27 3F 33,22.04381564,84.14520231,10.12612806,41.98942346,57.46421363,69.87956822,20.17581359,Not Malicious
26 53 27 68 09 3B C2 44-43 4B 01 2A 80 14 81 5E,40.31268211,32.42605141,49.78159632,40.70396984,38.85161793,60.5335517,55.37490694,Not Malicious
89 65 49 2D 5C 54 B7 0E-55 A4 32 91 C1 49 57 20,44.91179304,86.95334436,1.960474898,89.08523712,65.91471472,66.93437981,93.96651865,Malicious
9B 3B 3F AF 87 3B 1A 10-38 48 C1 15 74 6C 62 1E,2.020510974,50.93677915,27.03681368,74.42650637,34.22536451,95.98131006,33.33262418,Malicious
64 05 A2 45 09 AF 78 10-8C 4D 93 39 94 47 6A 83,42.87962166,23.52105763,42.46523057,64.06719046,55.80300102,34.52169298,95.32333674,Not Malicious
79 34 A8 65 25 54 11 16-96 45 99 6A BD 37 9A 5E,79.28485729,1.641179134,73.41649158,71.1626414,90.5126973,78.87789043,36.36845608,Partially Malicious
10 62 7D 17 03 42 0C 29-27 A4 3A 84 4E 14 69 2F,51.09867216,36.15525167,51.60339644,44.27269375,58.35755738,78.22311321,98.6815974,Not Malicious
22 61 47 17 74 15 43 B3-7D 34 0A 0C 5F 9B 87 0A,17.32108897,83.75620433,99.15829116,59.34957112,64.79895374,91.69058083,9.533391571,Partially Malicious
67 2C 9A 15 62 45 0C 88-62 4F 92 6B BC 9F 91 53,14.66022539,55.03492126,18.76345392,31.15726843,22.46914261,94.58114361,49.53907933,Malicious
82 9B 6B 1D 33 7D B6 80-9E 78 30 35 3D AF 94 58,22.01721979,17.15096798,5.312343272,33.00002479,38.91096955,63.82279509,14.51139638,Malicious
AA 7B 17 6D 60 69 8B 67-12 6C A0 A3 AB 79 38 3B,12.71695076,0.666121003,76.94461473,30.03600169,24.63994876,59.35178973,84.41626091,Malicious
13 6F 35 19 BC 4D 24 60-86 AA C2 75 66 7D B0 C5,13.86814016,31.09321589,88.36221825,60.67324724,85.55715604,68.64202129,82.56510318,Partially Malicious
83 88 63 27 6E 2F BC AC-75 A3 7A 46 9A 1F 8E 05,31.1442306,5.345804068,93.97186971,4.539658255,42.46943958,1.369071549,49.21452277,Partially Malicious
A5 57 5E 38 87 00 1C 43-56 BC 8D 6D 3D BD A1 44,77.34596405,84.93908855,50.28508812,88.16109291,84.67360528,69.60602057,91.90607829,Partially Malicious
21 9A 23 8E B8 77 60 21-A3 35 93 17 81 85 39 03,79.29844443,89.15540419,98.69455914,45.94560553,58.94438623,78.67042419,46.02255986,Not Malicious
BC 68 0E 4B 3E 3F 88 89-57 C0 77 4A 7C 5C 9B 80,37.30716682,1.523056476,14.62047493,93.95152315,53.99978313,73.54098034,32.52427372,Not Malicious
0C 7E 0A 16 C2 7C 2B 62-75 89 7E 3F 91 1D 0F 4C,43.90467991,33.60058782,41.75297409,21.64076653,81.48009461,15.5587062,53.27704362,Partially Malicious
97 06 2C 12 67 97 87 0F-A5 AA 20 13 9E 35 12 30,73.33900216,7.113831775,4.784589241,17.60856828,2.052337211,67.22854084,89.91909191,Not Malicious
AC 4B B0 03 50 97 40 79-91 4E 06 6F 43 B8 47 57,52.69174983,37.96910889,35.221524,56.23895246,11.06285993,9.813787219,51.94626107,Not Malicious
A6 17 AD B1 2C 0A 9E 23-B2 B1 70 2F 6D 81 05 9B,31.66029965,16.21378719,43.49050504,25.63760585,42.06308844,58.31199708,9.11675484,Malicious
B6 6B 07 66 0B C1 2B 91-99 33 A3 B4 1D AC BF A4,51.62639404,73.39767569,18.03753931,60.54496545,40.90034825,85.41473768,57.13122715,Partially Malicious
87 32 B0 59 14 3F 7F 63-B8 0F 66 75 51 87 BB 77,94.7211109,30.61332431,59.87144362,48.62529622,4.007634006,71.23041229,41.08009494,Not Malicious
72 0A 8B 58 47 AD 4A 42-58 15 06 9D 75 B2 86 B6,49.44437793,92.71619514,62.4803176,38.18985806,98.9391025,40.82609198,50.45970255,Malicious
0F 7F 77 BD AD 5B 48 09-04 7B 28 46 59 50 6E 9D,59.47053696,44.14552358,54.65259695,87.3544397,14.81951619,71.01545357,29.11664928,Not Malicious
50 8B 25 88 BE 38 BE C1-AB 1A 3B 23 BD 02 68 3F,28.2594475,87.72940656,88.71716717,56.68782023,63.66347854,46.34986522,96.58991268,Not Malicious
3A A9 55 40 BE A1 BA 37-5F 94 59 82 40 C1 60 61,27.41582544,89.60779976,48.85008668,33.19537162,48.89297933,73.66384254,69.72286541,Partially Malicious
04 43 BB 99 89 4D 31 3E-6F 15 AF 1E 2E 35 9E 0E,6.847340447,24.93670674,26.48998306,9.039884832,43.17583826,23.24700236,39.70007903,Malicious
C4 C1 71 06 C1 6F 71 C3-B0 5A 9E 35 0F 0A 59 95,72.26272106,77.18716481,2.078642525,16.94310969,41.18149283,66.40288422,22.53286959,Partially Malicious
AE 70 15 02 71 1E 70 A3-16 13 03 AB 7D 6C 13 97,96.73191014,56.62708486,12.39139712,1.175780018,13.06085534,56.82775656,3.896899278,Partially Malicious
8B 33 85 3F 0E 6E 21 83-AD 43 60 6D 77 4D 9E AE,64.66801488,50.7669062,38.17510695,31.0236377,90.92001303,63.08431135,82.44777949,Partially Malicious
41 24 71 99 80 56 03 71-63 0D C6 7C A1 BE 69 A9,28.77780646,67.02840808,8.356155553,92.83752095,0.811158408,6.360420028,78.79626818,Malicious
77 02 63 A3 7E 04 5F 87-4D 55 4D 68 9E 6F BD 6E,13.76172462,65.52091609,22.43092214,52.78596825,15.22991245,8.763026598,34.49004691,Partially Malicious
59 5B 86 1A 54 6E B6 46-1D 07 81 95 12 AB 7D AF,14.40653556,29.53965969,65.88796866,60.98092162,71.10767055,97.47634588,58.3893706,Partially Malicious
7B 1F 7E 1B 58 7C 61 65-2C 16 5F A4 C1 77 57 39,46.32350531,88.6733712,1.162638096,62.87445375,58.75267833,87.17751095,66.49580666,Malicious
65 95 8D 20 BF A8 16 3F-3E BC 1F 14 1D 0C AE 3C,47.62544873,39.94400738,0.331554848,73.56199842,82.23561465,98.17638217,36.47134375,Partially Malicious
C5 6D 99 54 83 A9 7F 09-57 43 7F 6A B3 5D 18 61,39.83992801,72.39681955,1.78496536,34.66042708,90.49985981,50.45138766,17.08102162,Not Malicious
1D 78 82 59 0C 23 AB AC-69 15 B4 31 59 5F 17 10,25.97220254,62.70115488,32.38393135,51.60528542,69.92405791,26.03949273,4.040736802,Partially Malicious
AA 4C 76 C0 B4 32 02 24-43 5D 91 3B A8 54 35 1E,12.88263649,47.27787278,27.27386013,40.42555011,2.618975731,7.539937214,47.89987287,Partially Malicious
45 57 A4 54 20 68 A1 9A-4A 04 AE 37 19 94 5B 71,8.103969729,20.94198179,35.73700988,77.79847481,67.73202338,41.61050192,48.62992347,Not Malicious
01 25 A0 42 1E 78 68 2A-9D 84 3A 72 50 4A 9D A2,40.1506702,13.64731227,93.32083019,59.76317679,27.54342619,22.68887191,90.56382883,Malicious
8F B4 03 4E 4D 76 6F 36-80 A3 10 9E 77 C5 49 BD,53.5937465,83.37547609,46.27673883,4.46755527,95.16673948,35.09360441,71.84718106,Not Malicious
34 A0 36 3F 38 39 C5 83-49 28 7B 3B 68 08 32 8C,83.39215866,25.52059383,9.447456143,20.7536619,15.93638701,90.32141627,14.86555193,Not Malicious
3C 80 B1 B8 96 88 07 48-9C 11 83 30 04 8F 6D 33,46.25814256,35.07006365,3.845599233,2.817466669,52.91633138,58.21465366,16.68603148,Not Malicious
0F 3F 8E 44 78 8F C0 3A-3F 0C 94 85 48 5D 6C 61,72.56784873,64.48480291,19.89108069,15.05849618,64.66157788,23.30276869,91.98868398,Malicious
73 13 3E BE AE 9D C1 B8-28 BC C3 B9 77 C5 54 47,13.21248688,73.44220496,65.98597793,0.537369397,35.79851173,13.7063537,89.3451237,Malicious
4C 37 9B 28 B1 3D 5B 9E-91 C6 5A 7E 10 90 A7 86,72.31555162,42.24099177,95.15039443,92.25306668,95.20878227,76.74969659,1.807614048,Malicious
5B 7C 35 21 46 77 A6 8A-8F 61 83 67 AD 45 1B 34,52.88344335,10.02837572,23.04828311,71.98681429,11.93228851,37.68136284,67.80345824,Malicious
63 41 3E 5C 7B 7F 8E 9C-08 69 C5 15 10 29 29 1F,67.04735172,48.68496504,89.46582349,97.95902329,75.25102913,51.20152531,3.652910725,Malicious
21 9D 96 48 C6 AD 1B 9D-94 8B 43 90 A0 82 C2 88,54.58606717,39.3902513,7.073448527,90.30144564,24.33488959,54.56948836,69.97177649,Malicious
1B 28 81 8D 87 BC 59 2B-8D 61 9B 09 60 B5 C2 78,3.632072926,3.266518177,37.44920347,7.291294606,70.90237282,93.20870056,30.08599562,Not Malicious
59 6A 7A 5C B6 05 73 C6-3D 6E 28 79 42 7B C2 5A,47.16877305,96.74462194,73.9426182,83.00436041,31.847315,46.05933591,77.55429307,Partially Malicious
68 8F 94 34 0F 2E C1 C2-A9 21 8C 4B B8 A2 26 A5,46.70829891,72.02268127,28.50774137,80.50355736,57.98012594,13.26965626,8.590025043,Not Malicious
9C 61 6B B1 85 8A 5F 1D-31 37 73 BD 55 A8 68 50,25.62383447,7.801070883,79.9258784,3.664170408,47.54944602,86.51363962,67.18327222,Partially Malicious
BF 16 96 8A 31 A5 34 0A-A6 63 0C 04 45 0F 8F 25,81.24024134,11.25996855,58.33311027,84.71836613,79.68786215,87.6475079,12.5417248,Not Malicious
5C 69 51 0D 0E 52 BF 54-20 6E 21 32 C1 6A 7F 44,77.98288356,84.5548063,14.75179971,36.23875979,56.54094798,98.57520968,50.04767228,Not Malicious
A3 05 AA 73 63 C0 2C BE-04 95 82 AF 90 27 B8 01,98.75425647,47.69742026,68.91768845,52.23769865,4.069375393,39.52560203,88.22035071,Malicious
36 95 38 92 C1 BF 31 19-AB 73 96 AA 44 A7 57 BE,94.84852725,76.29652595,43.20314258,78.84949493,5.79733588,90.17420443,50.60706997,Not Malicious
1D 34 94 59 35 07 59 9F-A4 15 78 05 63 5B 79 1F,22.31247746,2.990264169,77.02984236,94.91563828,42.44821474,88.07270055,81.90786636,Partially Malicious
AE 67 A3 51 B3 6E B4 2D-4C B9 12 40 20 9D 4F 8E,27.72301021,90.31345387,78.89130525,1.262769643,60.61829163,37.04976729,32.0734821,Partially Malicious
56 7D 14 83 4C 16 8B 52-B5 1D 60 0A 3B AA 0D 09,10.48871374,89.25407706,35.08342055,53.78009852,77.54096548,73.03371871,99.78108993,Not Malicious
79 90 26 5C 44 94 7A 38-53 A4 85 54 1D BB 40 9C,8.468773926,30.31738721,80.95414294,70.18484102,68.22975422,50.33218522,13.55517629,Malicious
37 0C 81 81 61 46 1E 6E-6C AE 55 0C BF 54 22 2F,44.55776918,81.80623232,66.28503114,74.58021699,24.33407905,83.68546443,69.98912758,Partially Malicious
5A AB 79 C7 12 C7 5C C4-80 98 85 77 B8 89 87 9E,74.34650685,22.90977931,42.70631827,2.39255787,17.18237401,61.83687322,20.56658835,Not Malicious
C7 6F 44 74 1E 83 16 9F-9B 38 B5 BD 2C C7 13 4A,73.44583673,94.87378636,0.31851036,96.86941836,87.41544419,68.41485712,15.4681825,Not Malicious
7F 81 2A 06 0E A8 C6 4D-B5 7D A0 1B 99 19 C4 4E,6.551001836,99.50349062,6.037022239,88.6554637,93.73324223,80.7709822,38.47639412,Partially Malicious
0F 6A 6C 8C 45 34 6A 19-04 A0 59 14 92 9A 01 0F,10.04775586,15.15411353,30.2610265,93.56581506,69.22358139,90.42980431,16.59667481,Malicious
5F 3F 22 B5 4E B5 C2 32-C1 11 8A 10 62 8C 98 6F,98.64283868,52.48101731,34.98410562,11.12582442,36.6559928,49.3985885,3.830112458,Partially Malicious
72 C0 A6 53 5A 2D 08 1F-81 64 54 88 1F 9A 1A AF,3.051372699,11.16029749,95.59419542,66.21538398,45.16941033,71.32931116,82.89609425,Not Malicious
19 11 71 95 2D 27 54 C0-34 A1 C7 BC 00 0D 41 52,58.60432886,64.78022021,37.56899125,61.00827848,93.38083722,48.70381342,57.80084758,Not Malicious
1D A4 38 6A 1F 81 37 1A-51 4D 08 24 9B 9D AE 35,61.92568806,39.90566856,79.88030325,2.524358256,28.51062108,93.42578488,33.96209577,Malicious
45 03 69 1A 0B A1 BE 6F-7E 2E 21 C5 37 BC 58 59,67.69341541,99.33749164,35.85267107,2.294376832,12.92168096,71.23207703,89.50078321,Not Malicious
82 A4 1F 67 48 BD 36 39-27 24 69 5D 53 5C 46 A4,12.55431566,65.60809788,71.79094327,49.75475367,20.00549242,66.66137537,0.308849868,Partially Malicious
C1 B6 8F 88 55 7F 43 3E-43 6B 5D 88 7D 5D 16 AF,73.51688164,11.43872208,68.86873007,14.64530321,3.91251677,19.2385456,92.30860249,Malicious
A1 6F 21 42 B9 51 2E BB-66 97 9E C7 19 54 63 4D,34.55451005,96.87961022,44.78891096,79.77275619,41.30398475,15.08651313,37.07292032,Malicious
84 87 9E 33 A7 7F 1E 86-38 91 A6 36 38 65 2F AB,25.04127536,32.44459223,89.05533451,56.22855524,69.98614782,7.363667539,49.5958907,Partially Malicious
32 05 29 12 7E 1F 63 45-B1 9C 6F 1D 31 17 38 42,87.16662396,88.88408873,48.63408996,55.99790058,9.545818306,93.07474524,88.81754194,Partially Malicious
88 BC 4D BF 44 00 25 67-00 3D 62 7D 34 20 3D 7E,45.70567053,82.62343937,33.03060259,29.75329857,27.59439974,45.30777317,47.68438873,Partially Malicious
A7 5B C6 B0 92 27 AB B6-13 28 A5 BF 08 91 C7 76,22.50821791,33.58842229,33.90345235,98.91473177,29.19798191,32.45696292,82.91039366,Partially Malicious
90 90 1E 4B 55 43 67 50-55 A1 C6 7F 96 2B BA 18,27.87857938,66.88408267,25.99843651,93.90818281,85.98527623,37.47285252,4.931494574,Malicious
BD 09 7C 12 94 C1 1C 87-94 04 95 4B 7B BE 5E 3E,14.98718579,23.36319069,23.57680075,34.19339262,83.67482218,20.31203724,82.87657945,Partially Malicious
B6 48 AE 5F 30 27 C5 53-91 A1 54 69 A6 17 45 B0,94.63849498,73.62414298,68.75623815,86.05268087,0.325661207,91.98038515,5.830738757,Not Malicious
A3 65 00 44 BC 31 31 3B-31 BE 9C 07 61 3C 4C 4F,57.43320663,33.691573,33.98186138,29.88079331,38.6441137,85.82307948,1.842117207,Partially Malicious
47 9F 94 0F 41 95 71 A5-95 6C B7 A2 28 4F 08 15,88.23588099,49.79032681,44.19949448,28.99293963,11.90254675,3.588568701,17.23107929,Not Malicious
C5 C0 92 2B 36 87 73 4A-61 6B 0F 77 61 BB C2 42,76.43305617,92.7349113,44.28114493,53.17775787,96.9183267,26.5145639,25.29125489,Not Malicious
35 44 34 0C AA BD 4A AD-0C 98 4F 2C 9F 75 3F 72,62.94682283,28.76756272,67.86207212,32.53581486,8.925948335,0.750164289,6.566858668,Partially Malicious
0E 8F 41 27 53 79 A4 32-53 C2 C7 BF 54 2F 30 68,6.117068479,39.20670702,27.3647075,19.33446808,64.53723391,0.523863285,59.00106391,Partially Malicious
15 19 82 77 32 84 79 B0-65 73 88 AC 9B 1F 2A 89,47.03686383,1.397954308,91.82818418,66.9845239,67.44076884,11.47157387,74.21352918,Malicious
84 79 05 3D C7 50 52 AD-6F 5E 5E 46 83 07 81 8D,16.06906945,57.56894004,28.00124687,37.40659894,9.25128049,43.80723835,22.69870408,Partially Malicious
B2 17 5B 94 37 AA 46 8E-62 72 3E A7 66 7C 8F 8F,64.55693524,37.60114034,98.42759392,0.868107358,42.04764292,15.54704378,50.97468544,Not Malicious
7C 5B 76 2D 52 67 A2 C3-6D 7B 9B B9 4D 10 4C 15,9.569862784,45.67840888,83.67248357,27.38469378,63.12176948,97.88191951,75.08799803,Partially Malicious
4D 16 70 6C A4 92 69 53-9F 5C 1A 09 C6 BC 9E 79,58.62515561,17.25475326,18.68382154,95.27830334,6.192582016,15.40184411,54.95446471,Not Malicious
7F 47 20 0C B0 92 82 B6-83 C2 51 0C AD C6 48 AF,82.81213252,91.98823628,80.83880135,49.12107021,41.27864867,24.38417851,72.84224023,Malicious
23 43 0E C1 3F 0C 9D 73-73 8D 60 97 67 14 4F 28,73.00249678,37.55921494,66.01660057,32.32790537,78.71889969,19.60004132,2.678830933,Partially Malicious
57 2C 3F 19 AF C5 A0 AD-69 65 98 38 02 A9 9C 55,93.77989118,35.87155771,89.57086127,37.20530626,80.40340398,54.63633367,90.83614208,Not Malicious
9A 66 BC 3D 59 48 BB 0E-A3 C2 8E 32 51 5A B6 7C,23.19833603,34.96540415,71.22041913,14.11717565,93.57260038,71.55927285,8.253425598,Partially Malicious
C1 29 97 22 0D 39 96 5A-7D 3E 94 79 49 33 99 11,65.89276221,91.86579529,49.24560164,42.88726593,89.3037603,59.33429572,66.48427209,Malicious
AF B2 2E 2D 56 9E 8C A4-38 85 AE 88 B5 79 9F 2D,45.09496047,83.39176023,9.77941344,84.75490385,37.49549161,36.82419842,94.24180178,Partially Malicious
32 68 5B 97 54 9E 2B 3F-8B B7 AE 91 B9 B9 3E C1,57.56164619,38.7208794,46.67362594,58.79870086,65.33909135,81.07026322,3.975774209,Not Malicious
BC 90 28 8C 1E B6 37 75-BD 60 8D B4 8E A4 37 54,0.582545819,6.490720196,6.276287706,94.17913083,52.3176207,43.17679419,16.81040825,Malicious
BA 28 AF 4A BC 59 46 03-52 C1 5F 2A 6F 44 99 24,28.22133139,71.18001753,8.661720935,54.4331084,34.08105284,29.13187786,99.1461957,Not Malicious
92 39 87 42 06 80 43 66-37 19 29 1C 11 50 34 1F,75.94495108,20.30853587,94.18615159,26.45110995,6.141770248,54.23689752,69.65613162,Malicious
A0 93 A0 75 71 BB 6D 59-9B 8B 3F 55 B0 2A AE B2,85.3246903,2.09068481,11.35489565,20.7226485,46.84080753,44.17428809,15.71982934,Malicious
43 1F 57 78 1E 02 05 65-53 B9 97 1F 8A 8C 36 6C,38.7968233,0.828947336,92.22973767,63.52493379,73.94350364,68.09492892,79.04801612,Malicious
65 38 AC 4C 72 1D 7F C6-20 79 49 7B A9 99 9B A8,93.29497481,84.05377216,69.83391249,75.73780946,45.44835462,42.32274587,69.01704042,Malicious
62 50 AC C4 7C 0D 26 75-38 9C 77 95 2B 0D 08 BC,28.03958727,29.52276749,49.75807413,70.42564132,72.75829637,91.83113032,32.4680506,Not Malicious
4C 1B 4B B3 15 36 0D 52-A6 8D 65 71 48 0A 27 85,32.69632481,75.89859453,66.75196498,53.2377083,5.538199938,80.40314329,75.10876049,Not Malicious
81 24 22 47 02 02 41 77-5D 5B 6A 59 BC 2F 9A 0C,18.37685844,88.62876549,31.12705858,28.4591977,92.10583262,50.51599718,0.918130029,Not Malicious
50 63 1B 42 41 1B 86 13-7C A3 00 6B 37 C3 0B 31,71.21918812,15.55679326,27.60535061,15.93635277,44.37147691,54.82863396,13.6803706,Not Malicious
4B 7F 44 BA 89 1E AE 56-3E 98 6A 33 16 30 1B 70,56.26232908,24.6799697,76.88625119,72.95164752,97.95295811,64.50465263,4.95867329,Not Malicious
3D 16 A0 2F 6C B4 04 13-57 9C 35 3A 2E A0 A7 96,81.63444161,0.932504914,50.2817111,73.40846649,99.03825821,55.10153563,67.13503809,Not Malicious
08 9C 92 15 57 C4 5A 20-98 B7 39 09 8D 1B 40 76,22.95350812,63.37336527,76.31204784,54.21919902,21.92414936,93.33712372,31.03083964,Not Malicious
68 6D 4F 39 45 0F 10 A8-17 BB 25 2D 62 84 9B 81,45.85440626,46.80196181,26.40298286,3.809637433,39.36206493,58.63590258,6.720201465,Malicious
AF 23 BA 67 1F 2C 4D 83-A7 18 1C 80 77 62 4B 49,50.4654689,30.63881363,75.96828028,47.40630489,31.53546148,33.24860579,26.42550913,Malicious
C2 1E 98 5A 73 1B B7 6D-52 9C 91 B4 78 1F 26 68,46.20088754,89.94977786,40.64695362,99.80049566,32.39267697,33.91646481,83.95576124,Partially Malicious
80 98 54 6D 0F 91 84 26-59 28 5A 83 82 88 BA 98,70.37092888,52.24747236,46.06705104,63.50898034,40.23240593,28.38145079,40.38717075,Partially Malicious
3B 67 B4 75 5F 79 BB 86-21 1B 8B 87 4B C5 0D 39,53.13978505,73.2529725,24.36376669,33.55814496,8.570088821,86.56279009,19.94241891,Partially Malicious
A8 0F 49 4D 3A 16 34 69-60 78 5F 67 BC 54 0B 1C,38.70802989,31.15863458,75.2205337,30.40109158,48.3538235,1.576811464,8.184336681,Partially Malicious
48 08 1E 86 4E 42 2A 99-6F 65 A1 6E 97 01 68 19,73.76836237,39.08017037,50.35399919,43.25680312,49.34267844,54.72798229,20.11963616,Malicious
6D B8 2D 13 2C 51 8F 2F-04 70 91 03 44 4A 9F 5C,1.852681536,42.74072306,21.05949922,70.46387146,30.99771066,70.29765105,46.80080621,Malicious
B2 57 1C 37 64 06 27 6C-BB BF 0E 20 7D 12 56 17,41.2132234,66.05906756,1.908892959,55.36687278,42.51102492,15.7218841,47.92622521,Not Malicious
BA 5E AC 5C A2 5C 5C 81-00 18 A6 6A 28 BA 1C 7E,80.62195103,48.50440569,74.41790164,80.66457645,89.51289866,53.20948187,0.036064976,Partially Malicious
